<annotation>
	<folder>airplane</folder>
	<filename>airplane_328.jpg</filename>
	<path>D:\BaiduNetdiskDownload\NWPU-RESISC45\airplane\airplane_328.jpg</path>
	<source>
		<database>Unknown</database>
	</source>
	<size>
		<width>256</width>
		<height>256</height>
		<depth>3</depth>
	</size>
	<segmented>0</segmented>
	<object>
		<name>airplane</name>
		<pose>Unspecified</pose>
		<truncated>0</truncated>
		<difficult>0</difficult>
		<bndbox>
			<xmin>75</xmin>
			<ymin>24</ymin>
			<xmax>130</xmax>
			<ymax>69</ymax>
		</bndbox>
	</object>
	<object>
		<name>airplane</name>
		<pose>Unspecified</pose>
		<truncated>0</truncated>
		<difficult>0</difficult>
		<bndbox>
			<xmin>147</xmin>
			<ymin>3</ymin>
			<xmax>200</xmax>
			<ymax>53</ymax>
		</bndbox>
	</object>
	<object>
		<name>airplane</name>
		<pose>Unspecified</pose>
		<truncated>0</truncated>
		<difficult>0</difficult>
		<bndbox>
			<xmin>150</xmin>
			<ymin>166</ymin>
			<xmax>201</xmax>
			<ymax>214</ymax>
		</bndbox>
	</object>
	<object>
		<name>airplane</name>
		<pose>Unspecified</pose>
		<truncated>0</truncated>
		<difficult>0</difficult>
		<bndbox>
			<xmin>208</xmin>
			<ymin>157</ymin>
			<xmax>247</xmax>
			<ymax>191</ymax>
		</bndbox>
	</object>
	<object>
		<name>airplane</name>
		<pose>Unspecified</pose>
		<truncated>0</truncated>
		<difficult>0</difficult>
		<bndbox>
			<xmin>17</xmin>
			<ymin>42</ymin>
			<xmax>71</xmax>
			<ymax>97</ymax>
		</bndbox>
	</object>
	<object>
		<name>airplane</name>
		<pose>Unspecified</pose>
		<truncated>0</truncated>
		<difficult>0</difficult>
		<bndbox>
			<xmin>99</xmin>
			<ymin>195</ymin>
			<xmax>146</xmax>
			<ymax>236</ymax>
		</bndbox>
	</object>
</annotation>