<annotation>
	<folder>airplane</folder>
	<filename>airplane_435.jpg</filename>
	<path>D:\BaiduNetdiskDownload\NWPU-RESISC45\airplane\airplane_435.jpg</path>
	<source>
		<database>Unknown</database>
	</source>
	<size>
		<width>256</width>
		<height>256</height>
		<depth>3</depth>
	</size>
	<segmented>0</segmented>
	<object>
		<name>airplane</name>
		<pose>Unspecified</pose>
		<truncated>0</truncated>
		<difficult>0</difficult>
		<bndbox>
			<xmin>58</xmin>
			<ymin>64</ymin>
			<xmax>90</xmax>
			<ymax>85</ymax>
		</bndbox>
	</object>
	<object>
		<name>airplane</name>
		<pose>Unspecified</pose>
		<truncated>0</truncated>
		<difficult>0</difficult>
		<bndbox>
			<xmin>86</xmin>
			<ymin>9</ymin>
			<xmax>110</xmax>
			<ymax>31</ymax>
		</bndbox>
	</object>
	<object>
		<name>airplane</name>
		<pose>Unspecified</pose>
		<truncated>0</truncated>
		<difficult>0</difficult>
		<bndbox>
			<xmin>21</xmin>
			<ymin>196</ymin>
			<xmax>49</xmax>
			<ymax>219</ymax>
		</bndbox>
	</object>
</annotation>