<annotation>
	<folder>airplane</folder>
	<filename>airplane_121.jpg</filename>
	<path>D:\BaiduNetdiskDownload\NWPU-RESISC45\airplane\airplane_121.jpg</path>
	<source>
		<database>Unknown</database>
	</source>
	<size>
		<width>256</width>
		<height>256</height>
		<depth>3</depth>
	</size>
	<segmented>0</segmented>
	<object>
		<name>airplane</name>
		<pose>Unspecified</pose>
		<truncated>0</truncated>
		<difficult>0</difficult>
		<bndbox>
			<xmin>8</xmin>
			<ymin>35</ymin>
			<xmax>88</xmax>
			<ymax>123</ymax>
		</bndbox>
	</object>
	<object>
		<name>airplane</name>
		<pose>Unspecified</pose>
		<truncated>1</truncated>
		<difficult>0</difficult>
		<bndbox>
			<xmin>168</xmin>
			<ymin>96</ymin>
			<xmax>256</xmax>
			<ymax>184</ymax>
		</bndbox>
	</object>
</annotation>