<annotation>
	<folder>airplane</folder>
	<filename>airplane_001.jpg</filename>
	<path>D:\WIN_10_DEDKTOP\onWorking\DL_Interpretability\WSOL\Dataset\NWPU-RESISC45_V2_with_label\images\airplane\airplane_001.jpg</path>
	<source>
		<database>Unknown</database>
	</source>
	<size>
		<width>256</width>
		<height>256</height>
		<depth>3</depth>
	</size>
	<segmented>0</segmented>
	<object>
		<name>airplane</name>
		<pose>Unspecified</pose>
		<truncated>0</truncated>
		<difficult>0</difficult>
		<bndbox>
			<xmin>48</xmin>
			<ymin>75</ymin>
			<xmax>136</xmax>
			<ymax>151</ymax>
		</bndbox>
	</object>
	<object>
		<name>airplane</name>
		<pose>Unspecified</pose>
		<truncated>0</truncated>
		<difficult>0</difficult>
		<bndbox>
			<xmin>175</xmin>
			<ymin>15</ymin>
			<xmax>232</xmax>
			<ymax>66</ymax>
		</bndbox>
	</object>
	<object>
		<name>airplane</name>
		<pose>Unspecified</pose>
		<truncated>0</truncated>
		<difficult>0</difficult>
		<bndbox>
			<xmin>7</xmin>
			<ymin>166</ymin>
			<xmax>92</xmax>
			<ymax>238</ymax>
		</bndbox>
	</object>
</annotation>
