<annotation>
	<folder>airplane</folder>
	<filename>airplane_266.jpg</filename>
	<path>D:\BaiduNetdiskDownload\NWPU-RESISC45\airplane\airplane_266.jpg</path>
	<source>
		<database>Unknown</database>
	</source>
	<size>
		<width>256</width>
		<height>256</height>
		<depth>3</depth>
	</size>
	<segmented>0</segmented>
	<object>
		<name>airplane</name>
		<pose>Unspecified</pose>
		<truncated>0</truncated>
		<difficult>0</difficult>
		<bndbox>
			<xmin>141</xmin>
			<ymin>99</ymin>
			<xmax>214</xmax>
			<ymax>181</ymax>
		</bndbox>
	</object>
	<object>
		<name>airplane</name>
		<pose>Unspecified</pose>
		<truncated>0</truncated>
		<difficult>0</difficult>
		<bndbox>
			<xmin>61</xmin>
			<ymin>29</ymin>
			<xmax>135</xmax>
			<ymax>113</ymax>
		</bndbox>
	</object>
</annotation>