<annotation>
	<folder>airplane</folder>
	<filename>airplane_290.jpg</filename>
	<path>D:\BaiduNetdiskDownload\NWPU-RESISC45\airplane\airplane_290.jpg</path>
	<source>
		<database>Unknown</database>
	</source>
	<size>
		<width>256</width>
		<height>256</height>
		<depth>3</depth>
	</size>
	<segmented>0</segmented>
	<object>
		<name>airplane</name>
		<pose>Unspecified</pose>
		<truncated>0</truncated>
		<difficult>0</difficult>
		<bndbox>
			<xmin>216</xmin>
			<ymin>102</ymin>
			<xmax>240</xmax>
			<ymax>126</ymax>
		</bndbox>
	</object>
	<object>
		<name>airplane</name>
		<pose>Unspecified</pose>
		<truncated>0</truncated>
		<difficult>0</difficult>
		<bndbox>
			<xmin>177</xmin>
			<ymin>156</ymin>
			<xmax>208</xmax>
			<ymax>183</ymax>
		</bndbox>
	</object>
	<object>
		<name>airplane</name>
		<pose>Unspecified</pose>
		<truncated>0</truncated>
		<difficult>0</difficult>
		<bndbox>
			<xmin>16</xmin>
			<ymin>108</ymin>
			<xmax>42</xmax>
			<ymax>130</ymax>
		</bndbox>
	</object>
	<object>
		<name>airplane</name>
		<pose>Unspecified</pose>
		<truncated>0</truncated>
		<difficult>0</difficult>
		<bndbox>
			<xmin>47</xmin>
			<ymin>115</ymin>
			<xmax>64</xmax>
			<ymax>131</ymax>
		</bndbox>
	</object>
</annotation>