<annotation>
	<folder>airplane</folder>
	<filename>airplane300.jpg</filename>
	<path>F:\遥感场景分类\PatternNet\PatternNet\images\airplane\airplane300.jpg</path>
	<source>
		<database>Unknown</database>
	</source>
	<size>
		<width>256</width>
		<height>256</height>
		<depth>3</depth>
	</size>
	<segmented>0</segmented>
	<object>
		<name>airplane</name>
		<pose>Unspecified</pose>
		<truncated>0</truncated>
		<difficult>0</difficult>
		<bndbox>
			<xmin>27</xmin>
			<ymin>82</ymin>
			<xmax>128</xmax>
			<ymax>175</ymax>
		</bndbox>
	</object>
	<object>
		<name>airplane</name>
		<pose>Unspecified</pose>
		<truncated>0</truncated>
		<difficult>0</difficult>
		<bndbox>
			<xmin>150</xmin>
			<ymin>66</ymin>
			<xmax>252</xmax>
			<ymax>159</ymax>
		</bndbox>
	</object>
</annotation>
