<annotation>
	<folder>airplane</folder>
	<filename>airplane248.jpg</filename>
	<path>F:\遥感场景分类\PatternNet\PatternNet\images\airplane\airplane248.jpg</path>
	<source>
		<database>Unknown</database>
	</source>
	<size>
		<width>256</width>
		<height>256</height>
		<depth>3</depth>
	</size>
	<segmented>0</segmented>
	<object>
		<name>airplane</name>
		<pose>Unspecified</pose>
		<truncated>0</truncated>
		<difficult>0</difficult>
		<bndbox>
			<xmin>3</xmin>
			<ymin>76</ymin>
			<xmax>81</xmax>
			<ymax>150</ymax>
		</bndbox>
	</object>
	<object>
		<name>airplane</name>
		<pose>Unspecified</pose>
		<truncated>0</truncated>
		<difficult>0</difficult>
		<bndbox>
			<xmin>87</xmin>
			<ymin>100</ymin>
			<xmax>164</xmax>
			<ymax>174</ymax>
		</bndbox>
	</object>
	<object>
		<name>airplane</name>
		<pose>Unspecified</pose>
		<truncated>0</truncated>
		<difficult>0</difficult>
		<bndbox>
			<xmin>176</xmin>
			<ymin>122</ymin>
			<xmax>249</xmax>
			<ymax>197</ymax>
		</bndbox>
	</object>
</annotation>
