<annotation>
	<folder>airplane</folder>
	<filename>airplane403.jpg</filename>
	<path>F:\遥感场景分类\PatternNet\PatternNet\images\airplane\airplane403.jpg</path>
	<source>
		<database>Unknown</database>
	</source>
	<size>
		<width>256</width>
		<height>256</height>
		<depth>3</depth>
	</size>
	<segmented>0</segmented>
	<object>
		<name>airplane</name>
		<pose>Unspecified</pose>
		<truncated>0</truncated>
		<difficult>0</difficult>
		<bndbox>
			<xmin>96</xmin>
			<ymin>60</ymin>
			<xmax>184</xmax>
			<ymax>163</ymax>
		</bndbox>
	</object>
	<object>
		<name>airplane</name>
		<pose>Unspecified</pose>
		<truncated>0</truncated>
		<difficult>0</difficult>
		<bndbox>
			<xmin>140</xmin>
			<ymin>25</ymin>
			<xmax>229</xmax>
			<ymax>121</ymax>
		</bndbox>
	</object>
</annotation>
