<annotation>
	<folder>airplane</folder>
	<filename>airplane392.jpg</filename>
	<path>F:\遥感场景分类\PatternNet\PatternNet\images\airplane\airplane392.jpg</path>
	<source>
		<database>Unknown</database>
	</source>
	<size>
		<width>256</width>
		<height>256</height>
		<depth>3</depth>
	</size>
	<segmented>0</segmented>
	<object>
		<name>airplane</name>
		<pose>Unspecified</pose>
		<truncated>0</truncated>
		<difficult>0</difficult>
		<bndbox>
			<xmin>19</xmin>
			<ymin>133</ymin>
			<xmax>83</xmax>
			<ymax>212</ymax>
		</bndbox>
	</object>
	<object>
		<name>airplane</name>
		<pose>Unspecified</pose>
		<truncated>0</truncated>
		<difficult>0</difficult>
		<bndbox>
			<xmin>98</xmin>
			<ymin>88</ymin>
			<xmax>159</xmax>
			<ymax>147</ymax>
		</bndbox>
	</object>
	<object>
		<name>airplane</name>
		<pose>Unspecified</pose>
		<truncated>0</truncated>
		<difficult>0</difficult>
		<bndbox>
			<xmin>168</xmin>
			<ymin>40</ymin>
			<xmax>223</xmax>
			<ymax>104</ymax>
		</bndbox>
	</object>
</annotation>
