<annotation>
	<folder>airplane</folder>
	<filename>airplane405.jpg</filename>
	<path>F:\遥感场景分类\PatternNet\PatternNet\images\airplane\airplane405.jpg</path>
	<source>
		<database>Unknown</database>
	</source>
	<size>
		<width>256</width>
		<height>256</height>
		<depth>3</depth>
	</size>
	<segmented>0</segmented>
	<object>
		<name>airplane</name>
		<pose>Unspecified</pose>
		<truncated>0</truncated>
		<difficult>0</difficult>
		<bndbox>
			<xmin>11</xmin>
			<ymin>88</ymin>
			<xmax>96</xmax>
			<ymax>182</ymax>
		</bndbox>
	</object>
	<object>
		<name>airplane</name>
		<pose>Unspecified</pose>
		<truncated>0</truncated>
		<difficult>0</difficult>
		<bndbox>
			<xmin>81</xmin>
			<ymin>79</ymin>
			<xmax>161</xmax>
			<ymax>170</ymax>
		</bndbox>
	</object>
	<object>
		<name>airplane</name>
		<pose>Unspecified</pose>
		<truncated>0</truncated>
		<difficult>0</difficult>
		<bndbox>
			<xmin>114</xmin>
			<ymin>25</ymin>
			<xmax>223</xmax>
			<ymax>143</ymax>
		</bndbox>
	</object>
</annotation>
